{
    "infos": [
        {
            "timestamp": 1640229315281308207,
            "gt_boxes": [
                [
                    67.01891326904297,
                    1.5441142320632935,
                    1.3440459966659546,
                    8.452300071716309,
                    2.9746012687683105,
                    3.752506971359253,
                    0.029504764076095924
                ]
            ],
            "gt_names": [
                "VEHICLE_TRUCK"
            ],
            "center2lidar": [
                [
                    0.9997001803988071,
                    0.024791699922590567,
                    -0.009224512529583872,
                    0.12332184587554305
                ],
                [
                    -0.024810099907689447,
                    0.9996838304120481,
                    -0.00087139929430251,
                    -0.024518060940195454
                ],
                [
                    0.009174912569752103,
                    0.0011277990866586764,
                    0.9999143502253629,
                    -1.4978875052727911
                ],
                [
                    0.0,
                    0.0,
                    0.0,
                    1.0
                ]
            ],
            "cams": {
                "center_camera_fov120": {
                    "data_path": "2021_12_23_11_37_22_AutoCollect/detr3d_dataset/images/center_camera_fov120/1640229315281308207.jpg",
                    "type": "center_camera_fov120",
                    "timestamp": 1640229315281308207,
                    "cam_intrinsic": [
                        [
                            736.634,
                            0.0,
                            959.5
                        ],
                        [
                            0.0,
                            740.377,
                            539.5
                        ],
                        [
                            0.0,
                            0.0,
                            1.0
                        ]
                    ],
                    "extrinsic": [
                        [
                            -0.025911,
                            -0.99961,
                            -0.000358507,
                            0.036191
                        ],
                        [
                            -0.00247609,
                            0.000358349,
                            -0.999949,
                            -0.83838
                        ],
                        [
                            0.999628,
                            -0.02601,
                            -0.00254118,
                            -0.930646
                        ],
                        [
                            0.0,
                            0.0,
                            0.0,
                            1.0
                        ]
                    ]
                },
                "left_front_camera": {
                    "data_path": "2021_12_23_11_37_22_AutoCollect/detr3d_dataset/images/left_front_camera/1640229315281160059.jpg",
                    "type": "left_front_camera",
                    "timestamp": 1640229315281160059,
                    "cam_intrinsic": [
                        [
                            960.0,
                            0.0,
                            936.081
                        ],
                        [
                            0.0,
                            961.29,
                            618.677
                        ],
                        [
                            0.0,
                            0.0,
                            1.0
                        ]
                    ],
                    "extrinsic": [
                        [
                            0.802902,
                            -0.594734,
                            0.0400092,
                            -0.528219
                        ],
                        [
                            0.0272142,
                            -0.0306192,
                            -0.999088,
                            -1.35075
                        ],
                        [
                            0.595447,
                            0.803195,
                            -0.00838862,
                            -1.59535
                        ],
                        [
                            0.0,
                            0.0,
                            0.0,
                            1.0
                        ]
                    ]
                },
                "left_rear_camera": {
                    "data_path": "2021_12_23_11_37_22_AutoCollect/detr3d_dataset/images/left_rear_camera/1640229315281308207.jpg",
                    "type": "left_rear_camera",
                    "timestamp": 1640229315281308207,
                    "cam_intrinsic": [
                        [
                            960.0,
                            0.0,
                            977.772
                        ],
                        [
                            0.0,
                            960.318,
                            549.366
                        ],
                        [
                            0.0,
                            0.0,
                            1.0
                        ]
                    ],
                    "extrinsic": [
                        [
                            0.747895,
                            0.663191,
                            -0.0258074,
                            -1.65845
                        ],
                        [
                            0.00331651,
                            -0.0425581,
                            -0.999087,
                            -1.29891
                        ],
                        [
                            -0.66376,
                            0.747123,
                            -0.0339316,
                            0.186164
                        ],
                        [
                            0.0,
                            0.0,
                            0.0,
                            1.0
                        ]
                    ]
                },
                "rear_camera": {
                    "data_path": "2021_12_23_11_37_22_AutoCollect/detr3d_dataset/images/rear_camera/1640229315281308207.jpg",
                    "type": "rear_camera",
                    "timestamp": 1640229315281308207,
                    "cam_intrinsic": [
                        [
                            1844.14,
                            0.0,
                            900.216
                        ],
                        [
                            0.0,
                            1842.73,
                            600.188
                        ],
                        [
                            0.0,
                            0.0,
                            1.0
                        ]
                    ],